id	title	query_text_1500
12196	Trump administration tightens visa rules for foreign students	Trump administration tightens visa rules for foreign students Image source, Getty Images Image caption, Critics called the new rules "misguided and unnecessary" ByKwasi Gyamfi Asiedu Published 1 hour ago The Trump administration has given final notice of plans to implement stricter rules on foreign students, including preventing them from staying in the US for more than four years unless they get permission from the federal government. The ability to switch programmes and transfer between universities and colleges will also be restricted. Until now, higher education institutions had the power to grant visa extensions. The policy, which comes into effect in September, "combats rampant visa abuse, and strengthens national security through regular vetting", the Department of Homeland Security said. The Association of International Educators described the new rules as "misguided and unnecessary". Before now, foreign students on F-1 visas and J-1 exchange visas were admitted to the US under "duration of status", which meant they could remain in the country for as long as it took to finish their degrees. The new rules will put a time limit on that stay. Homeland Security Secretary Markwayne Mullin said: "For decades, foreign students have been admitted into the US indefinitely, allowing thousands to abuse our immigration system by perpetually enrolling in courses to avoid having to leave the US." While most US undergraduate programmes are typically four years, graduate level progra
12324	Burnham's 'Manchesterism' got him to No 10 - but will it work for the UK?	Burnham's 'Manchesterism' got him to No 10 - but will it work for the UK? By Faisal Islam Economics editor It was just five months ago when Andy Burnham retreated to his mayor's office in Manchester, having been blocked by Labour's ruling executive from standing for parliament. When I met him there a few weeks later, he told me he planned to deal with his disappointment with some ambitious plans for his city region. Burnham told me he wanted to appeal directly to Fifa to host the final of women's football World Cup in in 2035 Manchester insteand of Wembley. "Imagine how electrifying that is for any girl growing up in the north of England," he said. He said he was also joining forces with other mayors for a "Great Northern" Olympic bid across the north of England, and a plan was also afoot to host the Ryder Cup in Bolton. Sports bodies needed "re-educating" about the rest of the country, he said. Image source, PA Media Image caption, Burnham served as Greater Manchester's mayor from 2017 to 2026 Manchester has already poached the Brit Awards from London after half a century in the capital. Big, bold gestures like these tell part of the story of what has happened in the city. Burnham's civic ambition is a byproduct of Manchester's status as the fastest-growing city economy in the country. As Burnham prepares to become prime minister, will he be able to apply the same model to the whole of the nation? Manchester's rise Even before Burnham returned to parliament in June, there ha
11988	UK says Falkland Islands 'definitely ours' after Argentina banner	UK says Falkland Islands 'definitely ours' after Argentina banner Image source, EPA/Shutterstock ByRichard Wheeler, Political reporter and Jack Fenwick, Political correspondent Published 16 July 2026, 13:10 BST Updated 16 minutes ago The UK government has said "the World Cup might not be ours, but the Falkland Islands definitely are," after Argentina players celebrated their victory over England by waving a banner in support of their country's territorial claim. Speaking after England's 2-1 semi-final defeat in Atlanta, Downing Street said Sir Keir Starmer wished both Argentina and Spain "well for the final, especially Spain". Argentina face the prospect of disciplinary action from Fifa. The banner held by some of their players read "Las Malvinas son Argentinas", which translates as "The Falklands are Argentine". The Falkland Islands are a British overseas territory in the south-west Atlantic Ocean. Argentina face action over Falklands banner Published 2 hours ago Falklands is a pressure point for the UK – and the US knows it Published 24 April No 10 says Falklands sovereignty rests with UK after report of US 'review' Published 24 April They remain the subject of a sovereignty dispute between Britain and Argentina, with the two countries waging a brief but bitter war over the territory in 1982. A British military task force ejected Argentine forces, who had landed on the Falklands to stake a territorial claim. The 74-day conflict led to the deaths of 255 British military pers
11826	Meta pulls new AI image feature after days of backlash	Meta pulls new AI image feature after days of backlash Image source, Meta Image caption, An AI-altered image generated using Muse Image ByKali Hays Technology reporter Published 11 July 2026 Meta has abruptly taken down a new feature that allowed people to use its artificial intelligence (AI) tool to make fake images from user content on Instagram. The feature was part of a broad rollout of Muse Image, a new AI image generation tool Instagram's parent company released on Tuesday. It allowed users of the Meta AI chatbot to tag public-facing accounts on Instagram and quickly use content on those accounts to create AI-generated or altered content and images. The feature quickly sparked blowback due to privacy concerns, leading Meta to admit it had “missed the mark" so it was "no longer available”. Muse Image was the tech firm's first foray into AI image generation but faced backlash as Instagram users were opted in by default. It meant that anyone with a public account could have their likeness used without their knowledge or permission. Hollywood union Sag-Aftra described the U-turn as a "win". It had previously urged its members and "all Instagram users" to take action to protect their likeness stating that there had been an "utter miscalculation of public sentiment regarding the obvious dangers and harms inherent in such use". The London-based human rights charity Privacy International had also criticised the feature, telling the BBC it was "the latest sign AI companies see p
11923	Teen hackers who live streamed cyber-attack on TfL jailed	Teen hackers who live streamed cyber-attack on TfL jailed To play this video you need to enable JavaScript in your browser. This video can not be played Figure caption, Watch: The moments the men are arrested for their role in the cyber-attack ByJoe Tidy Cyber correspondent, BBC World Service Published 16 July 2026, 11:50 BST Updated 18 minutes ago Two men who carried out a cyber-attack which crippled Transport For London (TfL) when they were teenagers have both been sentenced to five years and six months in prison. Owen Flowers, 18, from Walsall, and Thalha Jubair, 20, from east London, pleaded guilty in June to carrying out the hack in 2024. They were described as computer-obsessed loners who carried out the hack as part of the cyber crime collective known as Scattered Spider. The cyber-attack disrupted TfL's online services for months, stole the personal data of millions of people and left all 27,000 TfL employees needing to reset their passwords in person. Woolwich Crown Court heard the criminals streamed their 16 hour long cyber-attack online. The National Crime Agency (NCA) said the rise of young hackers in the UK as one of the biggest threats to the nation's cyber security. Flowers was 17 and Jubair was 18 when they hacked into the capital's transport authority at 1700 on 31 August. Telegram messages sent between the pair showed them boasting about gaining access to TfL's database of people with Oyster cards. The teens then searched the list for the personal details of
12397	Catfished student gets £10k after photos used for fake dating profiles	Catfished student gets £10k after photos used for fake dating profiles Image caption, Fake accounts pretending to be Sasha-Jay gained 81,000 followers on TikTok and 22,000 on Instagram ByJordan Davies BBC Wales Published 16 July 2026 Updated 2 hours ago A 19-year-old woman whose images were used to create fake Tinder, TikTok and Instagram profiles leading men to believe she was their girlfriend is to be paid compensation. Sasha-Jay Davies from Aberdare had her identity stolen by Elha Mai Weston who posed as the teenager to strike up romantic conversations on social media. Weston amassed more than 100,000 followers, leaving Davies fearful to leave her home because she was being approached by men who thought they were in a relationship with her. She apologised and admitted the four-year campaign and agreed to pay Davies, a student, a reported £10,000 in compensation, according to court documents. The High Court in London was told Weston engaged in a "sustained campaign of online impersonation", known as catfishing. Earlier this year, Davies told BBC Wales: "I used to go out a lot but now I hardly ever go out because I'm scared what man is going to approach me next. "It is terrifying to be confronted over something you didn't do and to realise someone is using your face to manipulate others," she said. Images were posted on Tinder, Hinge, Snapchat, TikTok, Instagram, Facebook and SoundCloud, and used to deceive thousands of people across social media and dating apps. The court h
11991	MI5 court evidence based on lies, report says	MI5 court evidence based on lies, report says Image caption, Agent X had used his status to coercively control his then girlfriend, including attacking her with a machete ByDaniel De Simone Investigations correspondent Published 16 July 2026, 12:30 BST Updated 43 minutes ago MI5 gave evidence based on "lies" to three courts while defending a violent neo-Nazi spy whose abuse was uncovered by the BBC, a damning official report has found. The report, by the deputy investigatory powers commissioner Sir John Goldring, heavily criticises a series of senior MI5 figures and their organisation. He finds that one senior MI5 officer lied repeatedly, while another misled his own colleagues and lied about what he was told. The conclusions confirm the BBC's revelation in February last year that MI5 lied to the courts, something the security service vehemently denied. Sir John's investigation was ordered by the prime minister in September after MI5's explanations about what happened were rejected as deficient and unreliable by the High Court. His new report will plunge MI5 into crisis and could result in contempt of court proceedings or even a criminal prosecution. "MI5 recognises without hesitation the seriousness of our failings in these proceedings," said MI5 Director General Sir Ken McCallum. "I repeat my previous apologies to both courts for the incorrect evidence that was provided, and for our slowness in recognising what had happened." Home Secretary Shabana Mahmood said the findings
12066	Burnham planning summer tour of UK in early weeks as PM	Burnham planning summer tour of UK in early weeks as PM Image source, Getty Images ByJames Gregory, Political reporter, Shelley Phelps, Wales Westminster correspondent and Catrin Haf Jones, Wales political correspondent Published 16 July 2026, 16:59 BST Updated 8 minutes ago Andy Burnham will undertake a summer tour across the UK during the early weeks of his premiership. Described as a "listening tour of the UK", Burnham will travel across the country in August while Parliament is in recess. Among the areas understood to be on his itinerary is Port Talbot in south Wales, a town which saw the closure of its last steel-making blast furnace in September 2024. The former Greater Manchester mayor will become prime minister on Monday but will not face MPs until September when the Commons returns from its six-week recess, unless he decides to recall Parliament. Several Welsh Labour MPs have told BBC Wales that they understand Burnham intends to visit Port Talbot, once home to the UK's largest steelworks which has seen 2,800 job losses as it transitions to greener steel-making. Some Welsh politicians have accused Labour of double standards, after it stepped in to save the British Steel plant in Scunthorpe in 2025 but did not do the same for Tata Steel's Port Talbot plant. There are few details as to what policies Burnham will look to implement once in No 10, but a key part of his message thus far has been about devolving power away from Westminster towards local communities. In a sp
12328	Australia 'deeply frustrated' over Laos methanol poisoning charges	Australia 'deeply frustrated' over Laos methanol poisoning charges Image source, Beaumaris Football Club Image caption, Holly Bowles, left, and Bianca Jones were visiting Laos from Australia ByHelen Livingstone Sydney Published 2 hours ago The Australian government has said it is "deeply frustrated and bitterly disappointed" that Laos is not pursuing more serious charges in relation to the deaths of six backpackers who died after drinking methanol-laced alcohol in 2024. Australians Bianca Jones and Holly Morton-Bowles, both 19, were among six people who died at a hostel in Vang Vieng in November 2024. The statement comes after reports in Australian media that Laos would press charges that collectively carry penalties of up to one year in jail and a fine of A$1600 ($1100; £829) against those allegedly responsible. Australian Foreign Ministry Penny Wong said they have summoned Laos' ambassador to Canberra. Laos has yet to confirm any charges but the BBC understands authorities there will hold a press conference later on Friday. "This devastating news will only add to the immense pain and grief suffered by the families and friends of Holly and Bianca," Australia's Foreign Ministry said in a statement. "We have consistently made clear our expectations that charges should reflect the gravity of the tragedy. This includes the Prime Minister and I expressing these expectations directly to our respective counterparts." Jones and Bowles were among six foreign tourists who died after c
11931	'I couldn't leave the house, I worried I'd cheat': The rise of relationship OCD	'I couldn't leave the house, I worried I'd cheat': The rise of relationship OCD Image source, Sophia Image caption, Sophia describes the toll of having relationship OCD as "mental torture" ByElena Bailey Health reporter Published 16 July 2026, 01:34 BST Sophia, 24, has been in a loving relationship for more than a year, but she still finds herself questioning everything about it - from how compatible she and her boyfriend are to whether she loves him at all, and what action she might take as a result. "I couldn't leave the house because I was so worried I would cheat on my boyfriend," says Sophia, a content creator and waitress from Leeds. "At my worst, I couldn't go to work. I'd be lying in bed all day, asking [Chat] GPT hundreds of questions to try and get reassurance." Sophia is describing living with relationship OCD (ROCD), a form of obsessive compulsive disorder which experts say goes far beyond the normal relationship doubts that we can all experience. Instead, ROCD involves persistent intrusive doubts that cause significant distress and lead to compulsive behaviours, such as repeatedly testing your partner to try to find reassurance. "It can take hours of mental energy and cause a lot of anxiety, whereas in a normal relationship these thoughts don't dominate your day," says Prof David Veale, a consultant psychiatrist at the South London and Maudsley NHS Trust. Sophia describes the toll as "mental torture". "Having a voice in your head constantly nitpicking at your rel
11800	Families of 43 victims await verdict in Genoa bridge disaster	Families of 43 victims await verdict in Genoa bridge disaster Image source, Getty Images Image caption, The 2018 bridge collapse was one of Italy's worst infrastructure disasters ByDavide Ghiglione Rome Published 8 hours ago On the morning of 14 August 2018, Claudia Possetti, 47, was in the car with her new husband Andrea, and her two children, aged 12 and 16. The couple had just married and were driving to the Italian Riviera with the youngsters for a holiday when the Morandi bridge in the northern city of Genoa collapsed beneath them. Their car was among those that plunged from the viaduct on to the railway tracks below. The four of them were among 43 people killed in one of Italy's worst infrastructure disasters in decades. Nearly eight years on, Claudia's sister, Egle Possetti, will be among relatives gathering in a Genoa courtroom on Thursday to hear a first-instance verdict in the trial over the collapse. The children's father, who survived them, is also expected to be in court. "I feel anxious, worried, very emotional," Egle told the BBC. "After so many years, so many hearings, we may be able to see some light. It would be so important for us to know if someone's been held accountable." Image source, Egle Possetti Image caption, Andrea, Claudia and her children died when the Morandi bridge collapsed The bridge came down during a summer storm at the height of the holiday season, sending cars and lorries plunging to the ground below. The collapse triggered years of inves
11999	'Good day to drown a few sorrows', says King as he pours pint	'Good day to drown a few sorrows', says King as he pours pint 'Good day to drown a few sorrows', says King as he pours pint To play this video you need to enable JavaScript in your browser. This video can not be played 'Good day to drown a few sorrows', says King as he pours pint Close King Charles III has hinted at England's World Cup semi-final loss to Argentina as he poured a pint in a pub. "Maybe it's a good day to drown a few sorrows," he said to laughter, while Queen Camilla smiled as she stood next to him. Feeling gutted? Here are five ways to cope with England's World Cup defeat Subsection England Published 16 minutes ago Share close panel Share page Copy link About sharing Related topics UK Royal Family Follow UK Royal Family close panel You are now following UK Royal Family Updates from your News topics will appear in My News and in a collection on the News homepage. King Charles III Follow King Charles III close panel You are now following King Charles III Updates from your News topics will appear in My News and in a collection on the News homepage. Read description
11805	Why England's loss to Argentina felt like most painful in 60 years of hurt	Why England's loss to Argentina felt like most painful in 60 years of hurt Image source, Reuters Image caption, Jude Bellingham and his England team-mates were dejected at the full-time whistle By Phil McNulty Chief football writer in Atlanta Published 6 hours ago England's years of hurt will now stretch beyond 60, but the late collapse to a World Cup semi-final defeat by Argentina may just be the most painful wound of all. The clock inside the magnificent Atlanta Stadium showed England were five minutes of normal time away from ending the wait for a men's World Cup final that stretches back to 1966, when they lifted the Jules Rimet trophy at Wembley. England's players and head coach Thomas Tuchel had immortality in their hands as they led through Anthony Gordon's 55th-minute goal. Their grasp, however, was being loosened by catastrophic decision making from Tuchel that instigated wave after wave of Argentina attacks orchestrated by Lionel Messi. One goal seemed inevitable - and it came from Enzo Fernandez in the 85th minute. Then, with England on the ropes, they were floored by Lautaro Martinez's injury-time header. England could not come back, so a stunned football nation wakes up to another desperate near-miss from this nearly team. Tuchel fails in England mission To play this video you need to enable JavaScript in your browser. This video can not be played Figure caption, Argentina shatter England's World Cup dreams in semi-final Tuchel's unique selling point when he succ
11802	Weekend cooldown to mark end of heatwave for some	Weekend cooldown to mark end of heatwave for some Image source, PA ByDarren Bett Lead Weather Presenter Published 7 hours ago Temperatures are set to drop across the UK this weekend after a spell of intensely hot weather - marking an end to heatwave conditions for some. Fresher northerly winds will cause readings to fall by several degrees in some locations, with a significant cooldown in store for parts of Scotland, Northern Ireland and northern England. However, it will continue to be warmer than average in much of the UK, including southern England where the heatwave threshold has now been met or exceeded for 12 consecutive days. Despite the break from the heat, there is still no sign of significant rain in the forecast. High pressure will remain close to the UK at least into early next week, continuing the unusually dry and sunny month. With high pressure centred to the west of the UK, a northerly wind will develop this weekend, causing temperatures to dip. Maximum temperatures in northern Scotland will be up to seven degrees Celsius lower on Saturday than on Thursday, bringing an end to the heatwave. North-west England will also see temperatures fall by five to six degrees Celsius from Thursday's maximum, dropping to the low 20s by Saturday. Image caption, Cooler northerly winds this weekend with high pressure to the west The Midlands, Wales and southern England will feel some relief, though parts of these regions will continue above the heatwave threshold. Maximum tempe
11814	Cash-strapped Thames Water poses big test for Burnham	Cash-strapped Thames Water poses big test for Burnham Image source, Getty Images BySimon Jack, Business editor and Mitchell Labiak, Business reporter Published 15 July 2026 Thames Water is a major test for Andy Burnham and may help determine what the incoming prime minister's ambition to bring key utilities back under "public control" really means. Despite returning to profit after hiking bills 40%, the deeply troubled company is far from out of the woods. Its debt pile is growing and its cash reserves are dwindling as the money customers are paying in bills is nowhere near enough to fund the massive infrastructure upgrades needed after years of underinvestment. The company reported a post-tax profit of £113m for the 12 months to the end of March, swinging from a £1.51bn post-tax loss the previous year. However, the firm's net debt also swelled to £18.5bn from £16.8bn as it said it only had enough debt funding to keep the business going until the end of 2026. And Thames Water warned it has enough cash to last until the end of this year - so by then, something has to happen. The first option is the government agreeing to a rescue deal put together by its lenders which would see some debt written off and new cash injected in return for leniency on its environmental targets in the coming years. They argue it is pointless throwing money at fixing long-standing problems if it goes straight out the door again in fines. Environment Secretary Emma Reynolds recently rejected this plan
12188	Blasts reported in Iran as US launches new wave of strikes	Blasts reported in Iran as US launches new wave of strikes Image source, Reuters Image caption, The US launched strikes for the sixth night in a row, as fighting over control of the Strait of Hormuz continues ByJaroslav Lukiv Published 1 hour ago The US launched a new wave of strikes against Iran for a sixth night in a row, its military says, as the two sides continue to battle for control of the Strait of Hormuz. US Central Command (Centcom) said on Thursday that the attacks were intended to "further degrade Iranian military capabilities". Iran's state media reported US missiles struck close to the Gulf island of Qeshm, near the Strait of Hormuz, as well as in Bandar Abbas and Bushehr - the site of a nuclear power plant. It comes after the two sides exchanged strikes overnight, with the renewed hostilities further straining their preliminary deal to end the war. White House press secretary Karoline Leavitt said on Thursday that US President Donald Trump remained open to talks with Iran. "The president will hold them accountable when they turn their back on the words that they state to the United States. But he is always open to diplomacy at the very same time," she told reporters. She said Iran has expressed it still wants to make a deal with the US, adding: "We're talking to them, but again, the president is not going to allow them to fire on ships in the strait without paying a consequence for that." As attacks escalate, the Strait of Hormuz - a critical waterway off Iran'
12056	Sadiq Khan among 26 new peers to enter the Lords	Sadiq Khan among 26 new peers to enter the Lords Image source, PA Media Image caption, Sir Sadiq Khan has been London mayor since 2016 ByJoshua Nevett Political reporter Published 16 July 2026, 17:32 BST Updated 3 minutes ago London Mayor Sir Sadiq Khan is one of 26 new peers to be given seats in the House of Lords in one of Sir Keir Starmer's last acts as prime minister. Sir Sadiq has been nominated to become a Labour Lord alongside 15 others, including broadcaster June Sarpong and former union chief Christina McAnea. The government has also announced five new peers from the Liberal Democrats, three from the Conservatives and two cross-bench members, the former cabinet secretary Sir Chris Wormald and Sir Brian Leveson, a retired senior judge. Downing Street published a list of the nominations, external and said the King "has been graciously pleased to signify his intention of conferring peerages". The nominations come as Sir Keir prepares to leave office on Monday, when Andy Burnham is due to become the next prime minister. Sir Sadiq's nomination was among the most eye-catching on the list. The former Labour MP is mid-way through his third term as London mayor, having first been elected in 2016. The BBC understands Sir Sadiq is not seeking a ministerial role in Andy Burnham's incoming government and has not yet decided whether he wants to seek a fourth term as mayor in 2028. A government source praised Sir Sadiq as "a brilliant mayor who has transformed London for the better
12132	Energy drinks to be banned for under-16s in England from April	Energy drinks to be banned for under-16s in England from April Image source, EPA/Shutterstock Image caption, Some popular energy drinks contain more caffeine than two cups of coffee ByJacob Phillips Published 16 July 2026, 19:34 BST Updated 35 minutes ago Children under 16 will be banned from buying high-caffeine energy drinks in England from April, the government has said. Drinks containing more than 150mg of caffeine per litre will be illegal to sell to children and younger teenagers in shops, restaurants, cafes, vending machines and online. Lower-caffeine soft drinks, such Diet Coke, are not affected and neither are tea and coffee. However, drinks including Red Bull, Monster, Relentless and Prime would all breach the limit. The new rules aim to reduce obesity levels in children and prevent issues such as disrupted sleep, increased anxiety and lack of concentration, as well as poor school results. Announcing the new measures, first proposed last year, Public Health Minister Sharon Hodgson said the ban "demonstrates our firm commitment to creating the healthiest generation of children ever". The ban, subject to parliamentary approval, will be enforced by local authorities and businesses that break the law could face fines of up to £2,500. Around 100,000 children in England consume energy drinks every day and has warned the beverages can also impact pupils' ability to focus at school Some popular drinks brands contain more caffeine than two cups of coffee or four cans of cola
11798	US military to start screening for testosterone deficiency, Hegseth says	US military to start screening for testosterone deficiency, Hegseth says Image source, Getty Images BySareen Habeshian Published 15 July 2026 Updated 5 hours ago Defence Secretary Pete Hegseth has announced that military personnel aged 30 and older will undergo testing for testosterone deficiency as part of annual health screenings. In a video posted on X, captioned "High-T Department", Hegseth said he was authorising the screening programme for troops to ensure "you have the right testosterone levels to operate at your absolute best". Troops with low testosterone levels will be offered voluntary hormone replacement therapy. The tests will be optional for those younger than 30. Hegseth did not specify whether the screening would apply to women, whose testosterone levels also decline as they age. "We owe our warriors the absolute best medical care in the world, and this programme delivers on that obligation," Hegseth said in Wednesday's video. "Taking care of your long-term health means ensuring you remain strong, resilient and capable - not just for your next deployment, but for the rest of your life, so you can thrive long after you take off the uniform," he added. Taking testosterone for non-medical reasons, like artificial muscle enhancement without a doctor's prescription, is strictly prohibited in the military. Hegseth said in the video that the new programme was "not about artificial enhancement". Pentagon spokesman Sean Parnell said in a statement that the mandatory sc
11793	Argentina face action over Falklands banner	Argentina face action over Falklands banner To play this video you need to enable JavaScript in your browser. This video can not be played Figure caption, Argentina displays controversial banner after win over England ByAdwaidh Rajan BBC Sport journalist Published 15 July 2026 Argentina face the prospect of disciplinary action from Fifa after their players celebrated the World Cup semi-final win against England with a banner in support of their country's claims to the Falkland Islands. The defending world champions produced a dramatic late comeback in Atlanta, scoring twice to defeat Thomas Tuchel's side 2-1 and book a showdown with Spain in Sunday's final. After the final whistle, Argentina players celebrated while holding a banner reading "Las Malvinas son Argentinas", which translates as "The Falklands are Argentine". The Falkland Islands, a British overseas territory in the south-west Atlantic Ocean, remain the subject of a sovereignty dispute between Britain and Argentina. The two nations went to war over the group of islands, situated 300 miles off Argentina's east coast, from April to June 1982. The 74-day conflict led to the deaths of 655 Argentine and 255 British servicemen. Three people from the islands also died. In 2014, Fifa fined the Argentine Football Association £20,000 after its players held up a banner with the same message before a friendly against Slovenia. World football's governing body said the gesture had breached rules on political action and team mis
11794	British Steel taken into public ownership to protect 'vital' UK supply	British Steel taken into public ownership to protect 'vital' UK supply Image source, Getty Images ByHarry Sekulich and Archie Mitchell, Business reporter Published 16 July 2026, 06:22 BST Updated 29 minutes ago British Steel has been taken into public ownership in what the government said was a bid to "protect UK steelmaking". The future of the steelworks, which employs roughly 2,700 people in Scunthorpe and supports many other industries in north Lincolnshire, has been dogged by uncertainty over recent years. "Today's decision secures the future of steelmaking in the UK, protects skilled jobs and safeguards a vital national capability," Prime Minister Sir Keir Starmer said. The UK government took control of British Steel operations in Scunthorpe last year, though it has since remained under the ownership of the Chinese firm Jingye Group. Jingye has said it has begun the process of seeking compensation for nationalisation, having previously said the business was losing £700,000 a day. However, the UK government has said it could limit or refuse compensation. The BBC has been unable to get a response from Jingye to Thursday's announcement. Starmer added: "British Steel is part of the fabric of our nation and a cornerstone of Britain's industrial strength. "This government will always act in the national interest to support British industry, strengthen our economy and ensure the industries we rely on can thrive long into the future." In March, the National Audit Office released
12061	Uncle of Ann Widdecombe suspect says he 'nearly fell to floor' over arrest	Uncle of Ann Widdecombe suspect says he 'nearly fell to floor' over arrest Image source, PA Media ByLiz Roberts Reporting fromRotherham Published 1 hour ago The uncle of a man held on suspicion of the murder of Ann Widdecombe has told the BBC how he "nearly fell to the floor" when he heard his nephew had been arrested. "My legs went like jelly," he said. "He's the last person I would think would do anything like that." He lives near his nephew, although he has not seen him properly for about 10 years. He remembers him as a "quiet and unassuming boy" who was "gentle and polite" and "everything that a shy, young boy would be". Former MP Widdecombe, 78, is believed to have been attacked at her home in Haytor, Devon on 8 July. Her body was discovered a day later, and she had sustained serious injuries, police said. A white British man, 28, arrested on Saturday in South Yorkshire, is being held on suspicion of murder and on suspicion of commission, preparation or instigation of acts of terrorism. Counter terrorism police said on Tuesday they believe she was killed in a "targeted attack", but they are still working to understand the motive. Speaking to the BBC in Rotherham, the man, who we are not naming, said his nephew had been living with his father until his death a few months ago. A woman who lives near the suspect also said that she did not see her neighbour very often. Courtney Foster said "he used to take his dad out shopping while he was still alive, but since then he neve
11830	Big tech must deal with scam ads under Ofcom proposals	Big tech must deal with scam ads under Ofcom proposals Image source, Getty Images ByLiv McMahon Technology reporter Published 10 July 2026 Platforms like YouTube, Instagram and TikTok will need to take action to deal with scam adverts, under new proposals from Ofcom. The regulator has published draft measures it says big tech should take to protect people from falling victim to fraudulent ads online - along with a list of services which will face more responsibilities under the Online Safety Act (OSA). It says more than half of UK adults have come across potentially fraudulent ads online, with over a third seeing them often. If the draft measures pass into law, firms which fail to comply could be made to pay £18m or 10% of global turnover - whichever is greater. "For too long, victims have been exposed to scam ads online with tech giants simply not doing enough to combat the fraudsters using their platforms," said Ofcom online safety director Oliver Griffiths. "We expect firms to take robust action to stamp out scam ads and boot out the bad actors behind them to safeguard their users." Ofcom's proposed measures are targeting content which advertises products or services in a way that misleads or tricks viewers. It said this includes mandating tech firms ban those who post scams and prevent them from creating new accounts, as well as those who impersonate real businesses. "Platforms should not drag their heels – they can start making improvements for their users now," Griffith
11836	Tech Life	Tech Life Close menu Use BBC.com or the new BBC App to listen to BBC podcasts, Radio 4 and the World Service outside the UK. Find out how to listen to other BBC stations Episode details World Service,·07 Jul 2026,·26 mins Too young to scroll? Tech Life Play BookmarkBookmark SubscribeSubscribe Available for over a year What is a good age to give a child a smartphone? A community in Ireland might have the answer. In Greystones there's a voluntary agreement to wait until secondary school age. We hear from the school principal who leads the "It Takes A Village" initiative, and a local parent. Also this week: a woman tells Shiona McCallum how surviving a late-night attack inspired her to develop a wearable safety device. And AI was let loose to run a cafe in Sweden. Find out what happened next. Presenter: Shiona McCallum Producer: Tom Quinn (Photo: A small group of boys and girls look at their smartphones. Credit: Getty Images) Programme Website Show less More episodes Cymraeg Gaeilge Gàidhlig BBC Sounds Help Contacts, Privacy and Information Help with Signing In Newsletter
11837	Moroccan intelligence insider reveals widespread use of Pegasus hacking software	Moroccan intelligence insider reveals widespread use of Pegasus hacking software The Israel-based NSO Group produces the Pegasus hacking software allegedly used to target French and Spanish politicians among others. Photograph: Amir Cohen/Reuters View image in fullscreen The Israel-based NSO Group produces the Pegasus hacking software allegedly used to target French and Spanish politicians among others. Photograph: Amir Cohen/Reuters Moroccan intelligence insider reveals widespread use of Pegasus hacking software Whistleblower suggests internal security services deployed spyware from 2017 against key domestic and foreign targets A former member of Morocco’s domestic intelligence service has helped to provide an unprecedented insight into how the north African state used hacking software – including Pegasus spyware – to target journalists, human rights defenders, French politicians and Spanish cabinet ministers and police officers. Pegasus, which is manufactured by the Israel-based NSO Group, allows its operator to access everything on a target’s mobile phone, including emails, text messages and photographs. It can also activate the phone’s recorder and camera, turning it into a listening device. Although NSO Group says Pegasus is sold only to governments to help them track criminals and terrorists, the spyware is alleged to have been used by several countries to target dissidents, journalists, diplomats and politicians. Morocco has long denied using Pegasus to target critics 
12325	China hits out at British Steel nationalisation	China hits out at British Steel nationalisation Image source, Getty Images ByPeter Hoskins Business reporter Published 2 hours ago China has hit out at the nationalisation of British Steel, saying it "firmly opposes and is strongly dissatisfied with the British government's decision". On Thursday, the UK government said that taking the loss-making firm into public hands would protect jobs and safeguard a "vital national capability". The UK took control of British Steel's operations in Scunthorpe last year, though it was still owned by China's Jingye Group, limiting the government's ability to steer its future. China's commerce ministry said on Friday that the moves "seriously infringed upon Jingye's legitimate rights and interests and severely undermined the confidence of Chinese companies investing in the UK". It also called on Britain to "faithfully fulfil" its obligations under the China–UK Bilateral Investment Treaty. "Disregarding Jingye's significant contribution to the UK economy and society, the British side forcibly took control of the company in the name of national security," the ministry said. The statement added that Beijing would monitor developments closely and support Chinese firms to protect their rights, but did not specify what protecting Chinese companies' rights might involve. The decision to nationalise British Steel threatens to strain the relationship between London and Beijing just as Andy Burnham is set to become the prime minister on Monday. The inc
11849	Japan officials hunt bear that raided couple’s fridge amid string of break-ins	Japan officials hunt bear that raided couple’s fridge amid string of break-ins File image of a black bear in Iwate prefecture, northern Japan. Officials are hunting a bear that may be behind 14 break-ins in the town of Shizukuishi. Photograph: Yoshihiro Sato View image in fullscreen File image of a black bear in Iwate prefecture, northern Japan. Officials are hunting a bear that may be behind 14 break-ins in the town of Shizukuishi. Photograph: Yoshihiro Sato Japan officials hunt bear that raided couple’s fridge amid string of break-ins Officials set up traps and electric fences after 14 break-ins recored in one town in two weeks, amid fears of a repeat offender Authorities are searching for a bear that sneaked into the home of an elderly couple and raided their fridge amid concerns it may be behind 14 break-ins across a Japanese town in the past fortnight. On Monday evening, Mitsuo Matsubara, 87, was confronted by a large Asiatic black bear when he went to investigate a noise in his kitchen. His fridge was open, and food was strewn across the floor. His wife called the police. Break-ins have now been reported at five locations in the north-eastern town of Shizukuishi, leading officials to suspect one bear may be a repeat offender. They have set up box traps, installed electric fences around repeatedly targeted houses and deployed patrols to warn people about the bear. ‘Extremely intelligent’ Japanese bear that attacked four people still at large, police say Read more “It’s u
11844	Mexico asks US state attorneys general to investigate immigrant ICE deaths	Mexico asks US state attorneys general to investigate immigrant ICE deaths The site where Lorenzo Salgado Araujo was killed on 9 July 2026 in Houston, Texas. Photograph: Brandon Bell/Getty Images View image in fullscreen The site where Lorenzo Salgado Araujo was killed on 9 July 2026 in Houston, Texas. Photograph: Brandon Bell/Getty Images Mexico asks US state attorneys general to investigate immigrant ICE deaths Since start of Trump’s second term, 14 Mexican immigrants have died in ICE custody and three in agency operations Mexico formally requested that US state attorneys general criminally investigate cases of immigrants who have died in Immigration and Customs Enforcement (ICE) custody or during raids, the Mexican government said Tuesday. The request follows the death of Mexican immigrant Lorenzo Salgado Araujo, who was shot and killed by an ICE agent in Houston. Since the beginning of Donald Trump’s second term, 17 Mexican immigrants have died during immigration enforcement, 14 in ICE custody and three in agency operations. Mexico’s foreign ministry had previously said it would make the request, which was formalized on Tuesday, according to the ministry. It said a similar request will also be sent to the US Department of Justice. The United States is not legally obliged to act on the requests. Also, the Mexican government said it had started sending letters to US detention centers where Mexican immigrants had died, demanding they “immediately cease the actions or omissio
11831	'Cool in 90 seconds' - the fake portable air conditioners sweeping the internet	'Cool in 90 seconds' - the fake portable air conditioners sweeping the internet Image source, Proper DIY ByLaura Cress Technology reporter Published 10 July 2026 As parts of the UK brace for another hot weekend, online adverts have been appearing for portable air conditioners claiming to be "designed by former Nasa engineers" and able to "cool a room in 90 seconds". The adverts have emerged on platforms including Facebook and YouTube, but the Advertising Standards Authority (ASA) has now warned the products are often "too good to be true". YouTuber Stuart Matthews, who bought several devices to test on his Proper DIY channel, told the BBC that despite paying £70 for one machine, it turned out to be "a small, simple fan worth only a few pounds". The BBC has approached Meta and YouTube for comment. The ASA told the BBC that some of the adverts it had seen online in recent weeks made exaggerated claims, including that a small device could cool an entire home within minutes or used very little electricity. It also said the adverts frequently featured fake customer reviews describing dramatic temperature drops or exceptional performance. The adverts direct shoppers to websites selling the devices, typically for between £70 and £120. Many of the adverts also appeared to be AI-generated, using visuals such as copper coils and metallic boxes to make the products seem more sophisticated. Image caption, One advert the BBC found online which claimed to cool down a room in minutes The AS
12460	Wildfire still burning across four miles as helicopter waterbombs Cairngorms	Wildfire still burning across four miles as helicopter waterbombs Cairngorms To play this video you need to enable JavaScript in your browser. This video can not be played Figure caption, Watch: Wildfires tear through Cairngorms national park in Scotland ByCatherine Lyst BBC Scotland Published 17 July 2026, 08:09 BST Updated 38 minutes ago Firefighters are spending a third day tackling a major wildfire which has led to evacuations in the Cairngorms. The blaze started in heathland at Ryvoan Bothy, near Nethy Bridge, late on Wednesday morning and had spread across 3.7 miles (6km) by Thursday afternoon. A number of homes and businesses, including campsites and a ski resort in the Glenmore Forest Park area have been closed and evacuated as a safety precaution. A helicopter joined the firefighting efforts on Thursday night. Nine fire appliances and specialist resources remained at the scene on Friday morning. The Scottish Fire and Rescue Service (SFRS) said it was facing a "protracted incident" as it sought to prevent the flames spreading to other areas, but added that it had "adequate resources" to deal with the incident. Along with landowners, fire crews have been creating fire breaks to contain the spread. Michael Byrne, a climate scientist at St Andrews University, told the BBC that more rainfall during the winter plus overall warming was leading to an increasing threat of wildfires in Scotland. Cairngorms wildfire 'contained', but very high risk remains Published 18 hours ago
